{
  "accuracy": 0.81053591342023,
  "roc_auc": 0.9149439386583915,
  "precision": 0.3644802396822191,
  "recall": 0.8541366729119416,
  "f1": 0.5109332326622584
}